"result1","result2"
3.54928909642389,3.23607811897991
